Amino_acid,Codon,Log_Odds,Std_Error,Last_base
A,GCT,-0.114,0.04638238027306368,T
A,GCC,-0.143,0.041840720212142704,C
A,GCA,0.336,0.04499935910439368,A
A,GCG,-0.071,0.04848564261488197,G
C,TGT,0.281,0.06605441317876887,T
C,TGC,-0.281,0.06605441317876887,C
D,GAT,0.175,0.05605558552208596,T
D,GAC,-0.175,0.056055585522085956,C
E,GAA,0.217,0.06015053109624802,A
E,GAG,-0.217,0.06015053109624802,G
F,TTT,0.142,0.05621230218244646,T
F,TTC,-0.142,0.05621230218244646,C
G,GGT,0.036,0.05592031660325824,T
G,GGC,-0.015,0.0532695589888304,C
G,GGA,0.24,0.05413456545004357,A
G,GGG,-0.307,0.06004572522233974,G
H,CAT,0.097,0.04937924277535155,T
H,CAC,-0.097,0.04937924277535155,C
I,ATA,0.047,0.04978165582276025,A
I,ATT,0.157,0.05024425688528202,T
I,ATC,-0.182,0.047182105449308,C
K,AAA,0.213,0.05588282040667045,A
K,AAG,-0.213,0.05588282040667045,G
L,TTA,0.482,0.04576729326461938,A
L,TTG,0.158,0.049602403405123514,G
L,CTT,0.009,0.03954057419346021,T
L,CTC,-0.535,0.03861694717535462,C
L,CTA,0.271,0.04081954904212912,A
L,CTG,-0.187,0.044049279512016634,G
N,AAT,0.104,0.05431468935547819,T
N,AAC,-0.104,0.05431468935547819,C
P,CCT,0.098,0.03686615950976864,T
P,CCC,-0.18,0.03474867038172343,C
P,CCA,0.317,0.03653654879715153,A
P,CCG,-0.241,0.039083605683538594,G
Q,CAA,0.356,0.0518834121550988,A
Q,CAG,-0.356,0.0518834121550988,G
R,CGT,-0.1,0.043588958583803336,T
R,CGC,-0.207,0.04069592453467604,C
R,CGA,0.264,0.04178196054728668,A
R,CGG,-0.404,0.04652749593517978,G
R,AGA,0.597,0.04537649546189703,A
R,AGG,-0.198,0.048717148507206404,G
S,TCT,-0.02,0.041082776893364606,T
S,TCC,-0.249,0.03831891479700333,C
S,TCA,0.256,0.041977070732835416,A
S,TCG,-0.225,0.044591079222265226,G
S,AGT,0.292,0.047345322999896855,T
S,AGC,0.035,0.04297624377279675,C
T,ACT,0.104,0.042583118111419675,T
T,ACC,-0.084,0.0386127132737803,C
T,ACA,0.162,0.04259918240549629,A
T,ACG,-0.174,0.04373864481807634,G
V,GTT,0.03,0.049209192074683196,T
V,GTC,-0.237,0.04609965398160608,C
V,GTA,0.343,0.04836569910670146,A
V,GTG,-0.133,0.053032025597911446,G
Y,TAT,0.097,0.05811721872350575,T
Y,TAC,-0.097,0.05811721872350574,C
