Amino_acid,Codon,Log_Odds,Std_Error,Last_base
A,GCT,-0.197,0.0539763320550764,T
A,GCC,-0.215,0.04987401240772724,C
A,GCA,0.402,0.052620005971247386,A
A,GCG,0.036,0.05603712912080573,G
C,TGT,0.358,0.08041579172032387,T
C,TGC,-0.358,0.08041579172032386,C
D,GAT,0.073,0.06303725421621309,T
D,GAC,-0.073,0.0630372542162131,C
E,GAA,0.401,0.06834880970622882,A
E,GAG,-0.401,0.06834880970622882,G
F,TTT,0.399,0.0662137556674195,T
F,TTC,-0.399,0.0662137556674195,C
G,GGT,0.027,0.06432184167006617,T
G,GGC,-0.064,0.06159627656697997,C
G,GGA,0.328,0.06137887854581191,A
G,GGG,-0.347,0.06890901326722439,G
H,CAT,0.097,0.056276182423359716,T
H,CAC,-0.097,0.056276182423359716,C
I,ATA,0.346,0.05675143855057347,A
I,ATT,0.026,0.057233611370961016,T
I,ATC,-0.345,0.05433053514892095,C
K,AAA,0.438,0.06364950788484446,A
K,AAG,-0.438,0.06364950788484446,G
L,TTA,0.616,0.05385510818648414,A
L,TTG,0.125,0.05926866478947275,G
L,CTT,0.023,0.04659861070749464,T
L,CTC,-0.695,0.047462523338801264,C
L,CTA,0.259,0.047210383046896356,A
L,CTG,-0.135,0.05272217863909843,G
N,AAT,0.134,0.061831386482329734,T
N,AAC,-0.134,0.061831386482329734,C
P,CCT,0.048,0.04286318597740789,T
P,CCC,-0.119,0.04054290284058853,C
P,CCA,0.43,0.04218528950003597,A
P,CCG,-0.405,0.04621704341786693,G
Q,CAA,0.528,0.05888931022451808,A
Q,CAG,-0.528,0.05888931022451808,G
R,CGT,-0.107,0.049419281874363154,T
R,CGC,-0.339,0.048375316345872145,C
R,CGA,0.404,0.04755673159431146,A
R,CGG,-0.593,0.0543556292989666,G
R,AGA,0.77,0.050822406145908654,A
R,AGG,-0.326,0.05743129004158227,G
S,TCT,-0.089,0.048348187798242674,T
S,TCC,-0.335,0.043672088314503706,C
S,TCA,0.28,0.04738071359576788,A
S,TCG,-0.289,0.05190272264338121,G
S,AGT,0.348,0.054559027239304385,T
S,AGC,0.192,0.04868146263493361,C
T,ACT,0.102,0.048691498873429925,T
T,ACC,-0.191,0.04372524209890102,C
T,ACA,0.294,0.047804921442698094,A
T,ACG,-0.188,0.050042224834764254,G
V,GTT,0.045,0.05892682821692608,T
V,GTC,-0.338,0.055665214418373125,C
V,GTA,0.428,0.05709871796038259,A
V,GTG,-0.129,0.062431353203071305,G
Y,TAT,0.055,0.06731245372586657,T
Y,TAC,-0.055,0.06731245372586657,C
