Amino_acid,Codon,Log_Odds,Std_Error,Last_base
A,GCT,-0.214,0.05457748988271156,T
A,GCC,-0.234,0.0502539437341895,C
A,GCA,0.456,0.05243639797129032,A
A,GCG,0.004,0.05596650119774818,G
C,TGT,0.357,0.08009471455947154,T
C,TGC,-0.357,0.08009471455947154,C
D,GAT,0.052,0.06280537604394373,T
D,GAC,-0.052,0.06280537604394373,C
E,GAA,0.387,0.06787100120793904,A
E,GAG,-0.387,0.06787100120793904,G
F,TTT,0.311,0.06599370003959401,T
F,TTC,-0.311,0.065993700039594,C
G,GGT,-0.006,0.06465133925194447,T
G,GGC,-0.01,0.0613260055611143,C
G,GGA,0.276,0.06138186504477111,A
G,GGG,-0.311,0.06851727870585277,G
H,CAT,0.08,0.0566052352641386,T
H,CAC,-0.08,0.0566052352641386,C
I,ATA,0.374,0.0574982882208833,A
I,ATT,0.049,0.058236580968881436,T
I,ATC,-0.383,0.054367458597448154,C
K,AAA,0.464,0.06453153280159597,A
K,AAG,-0.464,0.06453153280159597,G
L,TTA,0.64,0.05361644763901914,A
L,TTG,0.176,0.05954642869507802,G
L,CTT,-0.013,0.04722145375625821,T
L,CTC,-0.701,0.04704182286476786,C
L,CTA,0.283,0.04714266149405408,A
L,CTG,-0.161,0.05243328689309541,G
N,AAT,0.121,0.0614319807699472,T
N,AAC,-0.121,0.0614319807699472,C
P,CCT,0.094,0.04257924280313968,T
P,CCC,-0.183,0.040146840191503975,C
P,CCA,0.403,0.04192286565426433,A
P,CCG,-0.338,0.04548134436442329,G
Q,CAA,0.553,0.05950668733415577,A
Q,CAG,-0.553,0.05950668733415577,G
R,CGT,-0.162,0.05014116642689324,T
R,CGC,-0.323,0.04809193443279069,C
R,CGA,0.366,0.047269272425285704,A
R,CGG,-0.571,0.0546224786117834,G
R,AGA,0.764,0.05047202885433067,A
R,AGG,-0.26,0.056716103899752304,G
S,TCT,-0.028,0.04793545503334062,T
S,TCC,-0.429,0.04426501487755555,C
S,TCA,0.267,0.047137759256809984,A
S,TCG,-0.26,0.05203340942007635,G
S,AGT,0.348,0.05431219941086282,T
S,AGC,0.215,0.04840916510187141,C
T,ACT,0.135,0.04869871043526454,T
T,ACC,-0.221,0.04391374526512753,C
T,ACA,0.291,0.04787075055274716,A
T,ACG,-0.178,0.04977208798716695,G
V,GTT,0.031,0.059178381850099,T
V,GTC,-0.369,0.05480216614781546,C
V,GTA,0.44,0.05689435568463674,A
V,GTG,-0.075,0.06166995328995822,G
Y,TAT,0.08,0.06733761581541726,T
Y,TAC,-0.08,0.06733761581541726,C
