Amino_acid,Codon,Log_Odds,Std_Error,Last_base
A,GCT,0.64,0.06608626651308992,T
A,GCC,-0.629,0.06586534597890051,C
A,GCA,0.524,0.07296686020224842,A
A,GCG,-0.324,0.056457408412318166,G
C,TGT,0.282,0.18698831854712428,T
C,TGC,-0.282,0.18698831854712428,C
D,GAT,0.124,0.08218870435502469,T
D,GAC,-0.124,0.08218870435502469,C
E,GAA,-0.07,0.06747355694469975,A
E,GAG,0.07,0.06747355694469975,G
F,TTT,0.241,0.07664978878773984,T
F,TTC,-0.241,0.07664978878773984,C
G,GGT,-0.03,0.07923378470768808,T
G,GGC,-0.628,0.07246611382194049,C
G,GGA,1.001,0.10059348325775454,A
G,GGG,0.178,0.10618905484425227,G
H,CAT,-0.352,0.1350994624729672,T
H,CAC,0.352,0.1350994624729672,C
I,ATA,1.499,0.07948139356238665,A
I,ATT,0.166,0.04813471676041684,T
I,ATC,-0.946,0.05116495438812173,C
K,AAA,0.075,0.05917560114706125,A
K,AAG,-0.075,0.05917560114706125,G
L,TTA,0.828,0.07334067591131979,A
L,TTG,0.096,0.0694662125832003,G
L,CTT,-0.047,0.0801380819245553,T
L,CTC,-1.039,0.08206149164682094,C
L,CTA,1.62,0.08082751777724932,A
L,CTG,-0.627,0.04414008790015401,G
N,AAT,0.998,0.07674805918969664,T
N,AAC,-0.998,0.07674805918969665,C
P,CCT,-0.129,0.10979641652203748,T
P,CCC,0.879,0.10010894501229187,C
P,CCA,0.36,0.11172528185639528,A
P,CCG,-0.668,0.07792787212315962,G
Q,CAA,1.597,0.07208723155041186,A
Q,CAG,-1.597,0.07208723155041186,G
R,CGT,0.175,0.06744329715755547,T
R,CGC,-1.114,0.0663414790213418,C
R,CGA,0.723,0.1464216978545946,A
R,CGG,-0.541,0.11173660071215248,G
R,AGA,1.105,0.1809154917887722,A
R,AGG,2.408,0.15038828597075046,G
S,TCT,-0.032,0.08466401675073124,T
S,TCC,-0.358,0.08655692872523713,C
S,TCA,0.977,0.07562127347465765,A
S,TCG,-0.699,0.09032422079219432,G
S,AGT,0.534,0.08216458691220564,T
S,AGC,-0.472,0.06189156307605405,C
T,ACT,-0.255,0.07885624308444965,T
T,ACC,-0.527,0.0567291781463163,C
T,ACA,1.51,0.07680104926211004,A
T,ACG,-0.438,0.06605952128721615,G
V,GTT,0.333,0.07463532545629165,T
V,GTC,-0.463,0.08049379742378154,C
V,GTA,1.059,0.07860723862450913,A
V,GTG,-0.742,0.06609773542596806,G
Y,TAT,-0.225,0.11066910451986374,T
Y,TAC,0.225,0.11066910451986374,C
