Amino_acid,Codon,Log_Odds,Std_Error,Last_base
A,GCT,0.056,0.0651434751056221,T
A,GCC,-0.161,0.061872962063580665,C
A,GCA,0.207,0.06857954750877925,A
A,GCG,-0.043,0.0538064590409265,G
C,TGT,0.031,0.18839724650614417,T
C,TGC,-0.031,0.18839724650614414,C
D,GAT,0.095,0.08326262133015357,T
D,GAC,-0.095,0.08326262133015357,C
E,GAA,0.039,0.07093939198774847,A
E,GAG,-0.039,0.07093939198774847,G
F,TTT,-0.007,0.07553496658932618,T
F,TTC,0.007,0.07553496658932618,C
G,GGT,-0.099,0.08178603297561253,T
G,GGC,-0.117,0.07351499277869587,C
G,GGA,0.367,0.10199921834494943,A
G,GGG,0.005,0.10632288188911292,G
H,CAT,-0.194,0.13082212133472207,T
H,CAC,0.194,0.13082212133472204,C
I,ATA,0.706,0.07344710775457647,A
I,ATT,-0.086,0.04914921288621026,T
I,ATC,-0.272,0.05116931040877085,C
K,AAA,0.226,0.06394584462116093,A
K,AAG,-0.226,0.06394584462116093,G
L,TTA,0.434,0.06785332405832016,A
L,TTG,-0.063,0.0706501404071569,G
L,CTT,-0.03,0.07560747271161429,T
L,CTC,-0.289,0.07527805553335594,C
L,CTA,0.399,0.07167426036088997,A
L,CTG,-0.185,0.0427385861405018,G
N,AAT,0.334,0.07947909247084155,T
N,AAC,-0.334,0.07947909247084153,C
P,CCT,-0.22,0.10379207616386714,T
P,CCC,0.377,0.09846746907093885,C
P,CCA,0.226,0.09928652961230185,A
P,CCG,-0.224,0.07378445361450463,G
Q,CAA,0.425,0.06958295654020072,A
Q,CAG,-0.425,0.06958295654020072,G
R,CGT,0.018,0.06604814007604659,T
R,CGC,-0.289,0.06275182127641787,C
R,CGA,0.099,0.13228728791665498,A
R,CGG,-0.113,0.10679229273365015,G
R,AGA,0.496,0.17196049741835348,A
R,AGG,0.723,0.11492652411951434,G
S,TCT,-0.137,0.08792484207288921,T
S,TCC,-0.043,0.08539338342723747,C
S,TCA,0.296,0.07739529704074685,A
S,TCG,-0.323,0.08697011994249,G
S,AGT,0.065,0.081502634429405,T
S,AGC,0.026,0.061085677491240324,C
T,ACT,-0.196,0.07961679233056206,T
T,ACC,-0.14,0.05614681089663861,C
T,ACA,0.573,0.07389314904346422,A
T,ACG,-0.153,0.06689339128902133,G
V,GTT,0.202,0.07338559018879923,T
V,GTC,-0.306,0.08058314816303268,C
V,GTA,0.448,0.0769993798139573,A
V,GTG,-0.265,0.06379862492725843,G
Y,TAT,0.038,0.10634633679077525,T
Y,TAC,-0.038,0.10634633679077526,C
