Amino_acid,Codon,Log_Odds,Std_Error,Last_base
A,GCT,0.285,0.017310709747890306,T
A,GCC,-0.527,0.028030571916326096,C
A,GCA,-0.063,0.02286298835419283,A
A,GCG,-0.084,0.02401793291971151,G
C,TGT,0.026,0.015438939717793388,T
C,TGC,-0.026,0.015438939717793388,C
D,GAT,0.022,0.01825583983865439,T
D,GAC,-0.022,0.01825583983865439,C
E,GAA,0.653,0.02056490383502808,A
E,GAG,-0.653,0.020564903835028077,G
F,TTT,0.25,0.017011832187466536,T
F,TTC,-0.25,0.017011832187466536,C
G,GGT,0.094,0.01630787173067039,T
G,GGC,-0.059,0.023736835702501215,C
G,GGA,0.053,0.0188032621852548,A
G,GGG,-0.264,0.02574523457122225,G
H,CAT,-0.206,0.01716191303205112,T
H,CAC,0.206,0.01716191303205112,C
I,ATA,0.231,0.019430733663280644,A
I,ATT,-0.111,0.01831617266881516,T
I,ATC,-0.09,0.01771104028194197,C
K,AAA,0.682,0.018523516322683106,A
K,AAG,-0.682,0.018523516322683106,G
L,TTA,0.448,0.01634657585714024,A
L,TTG,-0.218,0.023239818878101802,G
L,CTT,-0.144,0.014304761684228772,T
L,CTC,-0.499,0.024272803237444553,C
L,CTA,0.338,0.022013522750734503,A
L,CTG,-0.112,0.016305904916315277,G
N,AAT,0.449,0.023405879651938327,T
N,AAC,-0.449,0.023405879651938327,C
P,CCT,-0.588,0.018305001661055698,T
P,CCC,0.216,0.028927258205328134,C
P,CCA,0.476,0.022409081573332143,A
P,CCG,0.253,0.020372999350011734,G
Q,CAA,0.339,0.019090408700862614,A
Q,CAG,-0.339,0.019090408700862614,G
R,CGT,0.003,0.016843121704521975,T
R,CGC,-0.283,0.023216830486298606,C
R,CGA,0.004,0.022340762772728843,A
R,CGG,-0.142,0.0308873554307695,G
R,AGA,0.528,0.02659226546097323,A
R,AGG,-0.116,0.03228495477657289,G
S,TCT,0.169,0.011438430743723818,T
S,TCC,-0.704,0.016256277880389046,C
S,TCA,0.177,0.01807986798661073,A
S,TCG,-0.127,0.021694506865310756,G
S,AGT,0.288,0.014128844161829817,T
S,AGC,-0.108,0.022487950390692627,C
T,ACT,0.42,0.017047680883161002,T
T,ACC,-0.937,0.020714206673268416,C
T,ACA,0.477,0.021714864892761674,A
T,ACG,-0.051,0.025776775886616882,G
V,GTT,0.536,0.01246818532230214,T
V,GTC,0.164,0.021342340672488788,C
V,GTA,0.018,0.01616092561170467,A
V,GTG,-1.121,0.017844551688505336,G
Y,TAT,0.058,0.01662331423895896,T
Y,TAC,-0.058,0.01662331423895896,C
