Amino_acid,Codon,Log_Odds,Std_Error,Last_base
A,GCT,0.213,0.06397979445476218,T
A,GCC,-0.319,0.06321044510721122,C
A,GCA,0.292,0.07048174547174486,A
A,GCG,-0.094,0.05502395259365098,G
C,TGT,0.08,0.18568183825480175,T
C,TGC,-0.08,0.18568183825480175,C
D,GAT,0.133,0.08228423794828828,T
D,GAC,-0.133,0.08228423794828829,C
E,GAA,0.2,0.06918964562101099,A
E,GAG,-0.2,0.06918964562101099,G
F,TTT,0.132,0.07721003419559998,T
F,TTC,-0.132,0.07721003419559998,C
G,GGT,-0.019,0.07928544680983042,T
G,GGC,-0.308,0.07236523532098964,C
G,GGA,0.513,0.09717279243917563,A
G,GGG,0.068,0.10493531455041241,G
H,CAT,-0.199,0.13093235375136977,T
H,CAC,0.199,0.13093235375136977,C
I,ATA,1.155,0.0764738678978771,A
I,ATT,0.025,0.04851288332849135,T
I,ATC,-0.606,0.050728069798513145,C
K,AAA,0.385,0.06091115280742861,A
K,AAG,-0.385,0.06091115280742861,G
L,TTA,0.691,0.07050363230139696,A
L,TTG,-0.048,0.06872932065295455,G
L,CTT,0.014,0.07815238758808087,T
L,CTC,-0.466,0.07488429554457843,C
L,CTA,0.764,0.07019214474094482,A
L,CTG,-0.4,0.04297810301212084,G
N,AAT,0.714,0.07715402702912869,T
N,AAC,-0.714,0.07715402702912869,C
P,CCT,-0.158,0.10460524447354402,T
P,CCC,0.54,0.09620745832014305,C
P,CCA,0.383,0.10866562236822243,A
P,CCG,-0.443,0.07565177990235081,G
Q,CAA,0.785,0.06841845218474739,A
Q,CAG,-0.785,0.06841845218474739,G
R,CGT,0.065,0.06693152433279308,T
R,CGC,-0.588,0.06429790089678021,C
R,CGA,0.4,0.13440069838667582,A
R,CGG,-0.327,0.11162240299588881,G
R,AGA,0.818,0.17587209121498598,A
R,AGG,1.075,0.1078908342202278,G
S,TCT,-0.168,0.08809563870687631,T
S,TCC,-0.177,0.0843795870248929,C
S,TCA,0.474,0.07426868403479318,A
S,TCG,-0.513,0.08762824475603535,G
S,AGT,0.205,0.08028458408678034,T
S,AGC,-0.017,0.061513938099994794,C
T,ACT,-0.321,0.07853455049515899,T
T,ACC,-0.173,0.056092419212000706,C
T,ACA,0.854,0.07096168470481065,A
T,ACG,-0.319,0.06652289030348671,G
V,GTT,0.129,0.0737506225336912,T
V,GTC,-0.473,0.0804841690122671,C
V,GTA,0.833,0.0783570130022922,A
V,GTG,-0.386,0.06463959082932007,G
Y,TAT,0.255,0.10873913095967314,T
Y,TAC,-0.255,0.10873913095967314,C
